1,null,Roberto
2,null,Fernanda
3,null,Carlos
4,null,Juliana
5,null,Lucas
6,null,Roberto
7,null,Fernanda
8,null,Carlos
9,null,Juliana
10,null,Lucas
11,null,Roberto
12,null,Fernanda
13,null,Carlos
14,null,Juliana
15,null,Lucas
16,null,Roberto
17,null,Fernanda
18,null,Carlos
19,null,Juliana
20,null,Lucas
21,null,Roberto
22,null,Fernanda
23,null,Carlos
24,null,Juliana
25,null,Lucas
26,null,Roberto
27,null,Fernanda
28,null,Carlos
29,null,Juliana
30,null,Lucas
31,null,jesse
